house_id,living_area_m2,usable_area_m2,living_area_ft2,rooms,age_years,distance_center_km,noise_feature,final_notary_fee_k_eur,final_agent_commission_k_eur,final_price_per_m2_k_eur,sale_price_k_eur
H0001,181.57,172.04,1954.401323,6,19.0,15.45,0.1257302210933933,3.6,9.764,1.6806,305.14
H0002,124.61,124.05,1341.289579,4,53.4,6.75,-0.1321048632913019,2.891,7.673,1.9242,239.77
H0003,195.96,180.25,2109.293844,6,35.6,15.82,0.6404226504432821,3.458,9.988,1.5929,312.14
H0004,168.55,157.46,1814.255345,6,7.6,8.35,0.10490011715303971,3.205,8.355,1.5491,261.1
H0005,66.01,65.16,710.525039,2,8.6,24.42,-0.535669373161111,0.762,2.032,0.9621,63.51
H0006,215.86,204.65,2323.495454,7,41.6,10.29,0.36159505490948474,4.576,12.187,1.7643,380.84
H0007,179.39,167.12,1930.936021,5,10.4,17.29,1.3040000451301372,3.862,9.915,1.7272,309.84
H0008,183.63,172.08,1976.574957,6,30.4,1.07,0.9470809631292422,3.206,9.332,1.588,291.61
H0009,71.78,61.97,772.632742,3,59.5,10.3,-0.7037352358069926,0.666,2.564,1.1163,80.13
H0010,126.57,118.02,1362.3868229999998,3,0.2,21.94,-1.2654214710460525,2.225,5.823,1.4377,181.97
H0011,113.04,105.19,1216.751256,3,1.0,15.45,-0.6232744625373522,2.169,5.787,1.5998,180.84
H0012,207.55,196.03,2234.047445,7,59.6,11.38,0.0413259793472436,3.625,9.597,1.445,299.92
H0013,159.46,147.67,1716.411494,5,35.1,23.43,-2.3250307746388343,2.579,7.063,1.3842,220.72
H0014,189.87,180.36,2043.741693,7,7.6,21.42,-0.21879166393254573,3.727,9.674,1.5922,302.32
H0015,125.38,121.91,1349.5777819999998,4,53.8,8.39,-1.2459109472530652,2.786,7.055,1.7585,220.48
H0016,88.63,83.93,954.004457,4,52.8,13.84,-0.7322673547034516,1.912,4.904,1.7291,153.25
H0017,144.28,137.03,1553.015492,5,32.2,12.5,-0.5442589828573099,2.801,7.572,1.6401,236.64
H0018,60.85,57.41,654.983315,2,37.3,15.99,-0.31630015636915454,0.487,2.141,1.0996,66.91
H0019,190.7,179.26,2052.67573,7,16.4,8.69,0.4116305363741328,4.318,11.208,1.8366,350.24
H0020,157.38,145.05,1694.0225819999998,5,3.0,6.48,1.0425133694426776,3.427,8.651,1.7178,270.34
H0021,178.87,169.4,1925.338793,5,35.7,22.86,-0.12853466294403426,2.943,7.589,1.3259,237.16
H0022,110.27,103.26,1186.935253,3,17.7,23.13,1.3664634705496859,1.46,4.246,1.2034,132.7
H0023,215.02,210.49,2314.453778,7,39.8,21.16,-0.6651946734866135,3.984,10.354,1.5048,323.57
H0024,201.83,196.01,2172.477937,5,50.2,24.47,0.3515100700930197,3.241,8.298,1.2848,259.32
H0025,182.33,172.93,1962.581887,6,1.1,18.75,0.9034701816518086,4.052,10.182,1.7451,318.19
H0026,83.09,75.05,894.372451,2,35.7,19.23,0.09401229776087457,1.389,4.053,1.5245,126.67
H0027,129.34,117.13,1392.202826,5,13.9,19.18,-0.7434992493538084,2.01,5.45,1.3168,170.31
H0028,57.45,58.77,618.386055,1,52.4,12.27,-0.9217253762584194,0.882,2.053,1.1168,64.16
H0029,76.23,72.71,820.532097,2,15.2,11.68,-0.45772582566733916,1.441,3.821,1.5663,119.4
H0030,166.12,158.07,1788.099068,4,36.6,6.39,0.2201951234700494,3.279,9.19,1.7288,287.18
H0031,176.61,159.04,1901.012379,5,33.2,16.3,-1.009618183538736,3.439,9.006,1.5936,281.44
H0032,214.48,205.32,2308.641272,7,23.8,7.59,-0.20917557487171307,4.168,10.883,1.5857,340.1
H0033,105.39,100.88,1134.407421,3,40.7,6.82,-0.15922500991447772,1.658,4.387,1.3007,137.08
H0034,112.98,101.76,1216.105422,3,43.5,14.86,0.5408455846858077,2.018,5.294,1.4644,165.45
H0035,129.82,120.14,1397.3694979999998,4,34.0,10.54,0.2146591225063409,2.874,7.767,1.8697,242.72
H0036,82.21,78.33,884.9002189999999,3,45.5,5.86,0.3553727090399214,1.103,2.35,0.8934,73.45
H0037,72.09,67.97,775.969551,2,59.0,20.49,-0.6538286094183394,0.837,2.591,1.1233,80.98
H0038,130.87,121.85,1408.671593,4,25.2,21.58,-0.12961363369276946,2.676,7.37,1.7599,230.32
H0039,88.57,82.84,953.358623,3,30.9,4.61,0.7839754700613295,1.841,4.905,1.7307,153.29
H0040,163.87,153.03,1763.880293,5,0.7,0.68,1.4934311452207607,4.127,10.653,2.0315,332.91
H0041,124.32,117.47,1338.1680479999998,4,47.8,8.74,-1.2590655321041202,1.944,5.784,1.4539,180.75
H0042,191.56,185.95,2061.932684,6,31.2,20.04,1.5139237747390626,3.43,9.67,1.5776,302.2
H0043,169.05,148.64,1819.637295,6,24.5,21.06,1.3458754237823045,2.423,7.277,1.3452,227.4
H0044,103.1,95.97,1109.7580899999998,3,5.6,3.89,0.7813114007004275,1.594,4.238,1.2846,132.44
H0045,191.48,180.7,2061.071572,6,53.4,19.47,0.2644556303293035,3.656,10.197,1.6642,318.66
H0046,186.81,176.79,2010.804159,5,23.7,3.33,-0.3139228145364278,3.599,9.751,1.6312,304.73
H0047,115.87,107.43,1247.213093,3,41.0,10.06,1.4580206835369587,2.122,5.395,1.4551,168.6
H0048,99.02,86.05,1065.8413779999998,2,9.0,24.97,1.9602583164499647,1.067,3.101,0.9787,96.91
H0049,166.02,157.37,1787.022678,5,57.7,5.22,1.801634869866125,2.847,7.5,1.4117,234.37
H0050,73.76,76.24,793.9452640000001,2,10.7,4.27,1.31510376473437,1.588,4.355,1.8452,136.1
H0051,83.98,72.81,903.952322,3,12.0,10.86,0.357380410658956,1.644,4.114,1.531,128.57
H0052,51.25,51.63,551.649875,2,51.5,15.68,-1.2083186322821715,0.852,2.081,1.2687,65.02
H0053,183.78,171.44,1978.189542,5,54.8,23.36,-0.004454133120083229,3.209,8.834,1.5021,276.06
H0054,163.02,152.99,1754.730978,6,12.7,24.53,0.6564749350763358,3.244,8.717,1.6711,272.42
H0055,169.88,155.48,1828.571332,6,28.2,2.21,-1.2883614637495544,3.994,10.234,1.8826,319.82
H0056,182.72,170.42,1966.779808,6,44.0,3.88,0.39512206018200824,4.418,11.624,1.988,363.25
H0057,128.02,125.54,1377.994478,4,52.7,19.87,0.42986369482223,1.573,4.754,1.1604,148.56
H0058,146.69,140.22,1578.956491,5,22.7,7.13,0.6960427239628685,3.229,8.348,1.7783,260.86
H0059,73.77,76.27,794.0529029999999,2,31.0,22.18,-1.184117966757189,1.279,3.843,1.628,120.1
H0060,69.47,70.01,747.7681329999999,1,44.5,16.75,-0.6617025720390349,1.565,3.61,1.6237,112.8
H0061,163.63,155.57,1761.2969569999998,5,43.9,3.24,-0.43643524714322124,3.078,7.797,1.4892,243.67
H0062,130.09,129.26,1400.275751,4,47.0,20.9,-1.169801907772864,2.136,5.58,1.3405,174.38
H0063,146.09,139.08,1572.498151,4,34.2,4.82,1.739367877130134,3.499,9.268,1.9825,289.63
H0064,180.05,172.56,1938.040195,6,6.3,10.88,-0.4959107284421519,4.028,10.826,1.8789,338.3
H0065,157.9,147.24,1699.61981,4,54.2,14.03,0.3289696294602021,3.007,7.747,1.5332,242.09
H0066,144.11,135.73,1551.185629,5,51.9,12.77,-0.258572545473924,2.596,7.07,1.5331,220.93
H0067,145.07,133.58,1561.518973,5,47.9,17.31,1.5834728788021222,2.56,6.733,1.4503,210.4
H0068,101.67,99.53,1094.365713,3,6.0,16.49,1.3203609870818391,2.243,5.631,1.7309,175.98
H0069,55.24,47.21,594.597836,2,12.3,24.81,0.6333526228249152,0.624,1.888,1.0682,59.01
H0070,124.24,119.92,1337.306936,3,44.6,24.99,-2.2035098806466507,1.802,5.053,1.271,157.91
H0071,86.48,80.53,930.862072,2,1.4,13.15,0.05202897425988651,1.614,4.781,1.7277,149.41
H0072,119.45,116.97,1285.747855,4,58.8,2.83,0.6836861907765345,1.997,5.752,1.5047,179.74
H0073,195.08,186.38,2099.821612,6,22.6,18.33,1.0039615758421696,3.749,10.727,1.7184,335.23
H0074,89.77,91.67,966.275303,3,43.2,24.43,-0.6179070447076008,2.383,6.062,2.1104,189.45
H0075,59.91,59.24,644.865249,3,53.3,8.3,1.8220113633283233,0.76,1.303,0.6799,40.73
H0076,97.84,85.68,1053.139976,2,23.7,11.8,-1.3204309700132935,2.162,5.196,1.6595,162.37
H0077,99.91,93.65,1075.421249,3,19.1,10.91,-0.6615280218152191,1.528,4.724,1.4776,147.63
H0078,162.53,148.09,1749.456667,5,36.5,1.76,0.9350499881140221,3.78,9.791,1.8826,305.98
H0079,144.7,133.94,1557.53633,5,34.9,16.97,0.049054613825311656,2.986,7.395,1.597,231.09
H0080,183.26,178.31,1972.592314,5,24.5,9.16,2.002392583645255,3.949,10.713,1.8268,334.78
H0081,162.93,155.7,1753.762227,5,36.1,19.79,0.18851919251246557,3.423,9.086,1.7427,283.94
H0082,119.09,109.15,1281.872851,5,56.1,20.89,-0.6331940901922267,1.775,5.538,1.4531,173.05
H0083,188.38,173.02,2027.703482,5,28.1,20.62,-0.37756350523280824,3.947,10.419,1.7283,325.58
H0084,78.39,73.82,843.782121,2,11.8,10.71,-1.0911461176191954,0.652,2.164,0.8627,67.63
H0085,53.86,45.76,579.743654,1,22.6,8.38,-1.277680166386608,1.594,4.172,2.4205,130.37
H0086,65.31,58.71,702.990309,2,23.6,18.85,0.6304114907682319,0.941,3.133,1.499,97.9
H0087,172.8,163.68,1860.00192,6,7.9,20.13,0.5811658124128057,3.941,10.292,1.8612,321.61
H0088,128.52,125.43,1383.376428,4,9.8,12.54,1.294558819441117,2.423,6.052,1.4715,189.12
H0089,77.42,75.21,833.341138,1,41.1,22.38,-0.7546057912599311,0.558,1.802,0.7273,56.31
H0090,135.18,117.9,1455.064002,5,20.4,4.03,1.689107452443673,2.914,8.225,1.9013,257.02
H0091,75.89,72.55,816.8723709999999,2,57.3,22.04,-0.2873877078086663,0.57,2.382,0.9808,74.43
H0092,168.37,158.56,1812.317843,6,14.6,2.85,1.5744082788445868,3.873,10.436,1.9369,326.12
H0093,125.85,119.95,1354.6368149999998,4,5.9,4.26,-0.4327858471825968,3.155,8.646,2.147,270.2
H0094,114.77,114.35,1235.372803,3,45.2,13.58,-0.735483292342275,1.204,3.831,1.043,119.71
H0095,101.26,86.93,1089.952514,3,52.9,2.15,0.24978537155866684,2.415,6.26,1.9319,195.62
H0096,157.15,145.36,1691.546885,5,16.7,1.79,1.0314530848694723,3.467,9.425,1.8741,294.52
H0097,111.51,107.18,1200.282489,4,12.1,0.51,0.16100957671534466,2.432,6.916,1.9382,216.13
H0098,64.9,54.68,698.5771100000001,1,11.1,11.19,-0.5855288241233366,0.673,2.017,0.9713,63.04
H0099,70.06,71.76,754.118834,2,31.3,19.48,-1.341219714076669,1.39,3.279,1.4626,102.47
H0100,213.52,202.18,2298.307928,6,28.1,1.35,-1.401520214917428,3.872,10.084,1.4758,315.11
H0101,204.46,195.58,2200.786994,7,15.6,16.48,0.5026828498748657,4.411,11.814,1.8057,369.19
H0102,168.95,156.53,1818.560905,4,2.7,20.67,0.989713033285805,2.863,7.388,1.3665,230.87
H0103,95.2,92.74,1024.72328,3,28.9,4.62,-0.1642945926252907,1.873,5.46,1.7922,170.62
H0104,214.76,206.15,2311.655164,6,57.6,4.1,-1.0743648582284346,4.278,11.396,1.6582,356.11
H0105,182.39,172.38,1963.227721,5,39.2,21.59,0.8730421526217066,3.718,9.856,1.6887,308.01
H0106,171.87,162.5,1849.991493,6,29.7,20.67,-1.2803939447145731,3.165,8.627,1.5686,269.6
H0107,126.39,119.89,1360.449321,4,6.6,13.7,-0.7130680950592722,2.465,6.4,1.5824,200.0
H0108,96.28,87.05,1036.348292,3,15.1,20.57,0.6210178535400985,1.448,4.174,1.3549,130.45
H0109,66.39,61.82,714.615321,3,17.7,2.77,-2.2501411735745918,2.134,5.486,2.5825,171.45
H0110,203.44,190.62,2189.807816,6,45.9,10.16,0.38636959756630584,4.297,11.237,1.7261,351.16
H0111,127.48,121.36,1372.181972,4,52.6,18.58,-0.5816408364095031,1.599,5.432,1.3315,169.74
H0112,84.4,83.34,908.47316,3,54.1,6.81,0.10927969747781388,1.673,3.986,1.4758,124.56
H0113,102.01,91.66,1098.025439,3,59.1,18.93,-0.07570152622082311,0.559,2.71,0.8302,84.69
H0114,148.47,139.06,1598.116233,5,58.9,12.85,0.20211439504395987,2.787,7.677,1.6159,239.92
H0115,80.05,81.17,861.6501949999999,2,57.2,18.88,0.6941719367070082,0.623,1.251,0.4884,39.1
H0116,195.62,180.91,2105.634118,6,4.3,11.88,-0.7583697508984092,4.372,11.786,1.8828,368.31
H0117,178.95,164.92,1926.199905,6,8.3,9.51,1.4209820223119163,3.712,10.485,1.8311,327.67
H0118,172.31,162.78,1854.727609,5,18.3,5.87,0.726093788947765,4.331,11.988,2.1742,374.63
H0119,123.46,119.43,1328.9110939999998,3,33.2,5.61,0.843732662303268,2.28,5.669,1.435,177.16
H0120,156.64,147.29,1686.0572959999995,6,5.8,18.91,1.1648639811110282,2.922,8.561,1.7079,267.53
H0121,149.3,145.66,1607.05027,6,50.7,3.41,0.7875882217058694,3.941,10.057,2.105,314.27
H0122,160.47,154.27,1727.283033,5,37.0,2.61,0.844078680578592,3.805,10.17,1.9804,317.8
H0123,64.36,63.87,692.764604,1,32.5,4.82,0.07559361074288512,0.829,2.688,1.3053,84.01
H0124,120.69,115.67,1299.095091,4,9.9,4.8,-1.4267738509897323,2.725,7.499,1.9417,234.34
H0125,57.07,62.96,614.2957729999999,2,15.2,20.67,-0.13504510003701392,0.761,2.437,1.3347,76.17
H0126,133.98,125.12,1442.1473219999998,4,9.6,10.26,-0.7695146401767057,3.067,7.831,1.8266,244.73
H0127,106.08,91.7,1141.834512,3,51.1,24.76,-1.4227417685154136,1.402,3.445,1.0148,107.65
H0128,74.57,76.51,802.6640229999999,3,35.1,3.86,0.25845279091298756,1.33,4.234,1.7742,132.3
H0129,67.58,61.69,727.424362,2,44.1,16.51,-0.5685494541476426,0.396,1.216,0.5624,38.01
H0130,149.9,141.34,1613.50861,4,17.8,11.49,-1.0298044380114637,2.958,8.234,1.7165,257.3
H0131,79.0,79.5,850.3480999999999,3,22.3,10.13,-1.0430010800715654,1.98,4.761,1.8834,148.79
H0132,207.27,188.42,2231.033553,8,24.3,21.94,0.26841707970891465,3.864,10.843,1.6348,338.84
H0133,148.78,134.85,1601.453042,5,45.6,24.4,0.35867194917034445,2.251,5.362,1.1262,167.56
H0134,108.97,96.03,1172.942183,3,46.3,21.89,1.3224574697668332,2.021,5.402,1.5491,168.81
H0135,150.46,138.26,1619.536394,5,12.4,5.21,-0.013914668524093734,3.298,9.26,1.9234,289.39
H0136,53.88,52.41,579.958932,2,56.5,5.91,1.0418397592128221,0.576,1.807,1.0479,56.46
H0137,212.96,202.28,2292.280144,6,7.2,16.57,1.4022648267725224,4.129,11.33,1.6626,354.06
H0138,131.99,125.18,1420.727161,4,53.8,7.58,1.1501656361496921,1.836,5.406,1.2799,168.94
H0139,183.06,166.43,1970.439534,6,6.0,18.5,-2.3653039062769743,3.415,9.069,1.5482,283.41
H0140,64.06,50.98,689.535434,3,15.9,14.38,1.228683719203421,0.929,2.969,1.4485,92.79
H0141,132.73,124.98,1428.692447,4,50.8,14.0,0.33962000824864264,2.485,7.498,1.7654,234.32
H0142,133.42,123.53,1436.119538,5,10.8,20.8,0.42377135285334727,2.363,6.452,1.5113,201.64
H0143,209.43,198.7,2254.283577,6,24.8,17.91,0.37122741773625884,4.05,11.521,1.719,360.02
H0144,147.19,141.17,1584.338441,5,27.0,1.15,0.3827571602707609,2.989,8.272,1.7562,258.49
H0145,130.49,123.21,1404.581311,4,14.7,1.71,0.3194142202523809,2.91,8.124,1.9455,253.87
H0146,95.39,92.71,1026.768421,3,42.6,15.24,-0.35891330853862047,1.467,4.261,1.3961,133.17
H0147,106.37,100.9,1144.956043,3,51.1,12.41,-1.9016352983759945,2.452,5.738,1.6857,179.31
H0148,138.51,132.32,1490.907789,5,52.5,6.87,-0.10891472790742324,2.6,6.911,1.5593,215.98
H0149,124.61,114.31,1341.289579,4,20.4,10.76,-0.8037318485206766,2.079,5.447,1.366,170.22
H0150,53.67,49.73,577.698513,1,31.9,19.07,1.0801634125378852,-0.058,0.555,0.3231,17.34
H0151,190.47,179.83,2050.200033,6,14.9,20.75,-0.2887665059953775,3.478,9.536,1.5645,297.99
H0152,202.35,193.49,2178.075165,6,14.7,14.25,0.08347535610700986,3.762,9.945,1.5358,310.77
H0153,73.84,67.83,794.806376,2,9.7,9.94,-0.8496059556101431,1.536,4.505,1.9066,140.78
H0154,144.19,137.62,1552.046741,4,56.4,7.13,-0.5106224678981267,2.729,6.915,1.4987,216.1
H0155,68.46,63.29,736.8965939999999,1,53.3,13.29,-0.011533061686586776,1.55,4.616,2.1069,144.24
H0156,164.28,153.95,1768.293492,4,46.6,8.21,-1.4853751842635452,2.544,6.899,1.3124,215.6
H0157,97.81,95.26,1052.817059,3,31.1,14.32,0.3006851142946058,1.785,4.996,1.5961,156.11
H0158,162.1,144.4,1744.82819,5,29.4,17.08,-0.10607225344775092,2.766,7.311,1.4094,228.47
H0159,173.59,157.99,1868.505401,4,31.8,2.12,-1.1857198050052338,3.359,9.214,1.6587,287.93
H0160,180.67,163.9,1944.713813,6,32.2,0.53,-2.3982328653977714,3.978,10.717,1.8537,334.91
H0161,68.32,54.89,735.3896479999999,2,26.1,5.7,0.513052133880305,0.616,1.738,0.7948,54.3
H0162,205.72,190.66,2214.349508,6,7.9,22.42,-0.29758403894333035,4.018,11.009,1.6724,344.04
H0163,89.14,86.79,959.494046,2,7.5,16.33,-0.5300084132181584,2.396,6.196,2.172,193.61
H0164,56.36,51.84,606.653404,2,57.1,4.71,-0.23615462985294203,0.878,2.245,1.2449,70.16
H0165,144.32,136.45,1553.4460479999998,5,28.9,22.31,1.816475940881144,2.73,7.315,1.5839,228.59
H0166,113.06,110.63,1216.966534,5,57.2,12.01,-0.049800969059643194,2.405,6.587,1.8206,205.84
H0167,191.06,184.91,2056.550734,6,9.8,12.16,0.08661926298854213,4.096,10.605,1.7346,331.41
H0168,187.4,175.88,2017.15486,6,33.3,23.42,-1.487072869675398,3.253,8.77,1.4624,274.06
H0169,103.91,103.09,1118.476849,3,12.5,1.96,1.6473390663560998,1.579,4.334,1.3033,135.43
H0170,211.99,199.64,2281.839161,7,15.2,5.77,0.9174879834442943,4.869,12.943,1.9079,404.46
H0171,99.46,90.14,1070.577494,3,1.8,14.85,1.066934867005179,2.266,5.365,1.6856,167.65
H0172,137.56,126.93,1480.682084,5,7.1,5.29,0.0476727312116796,2.608,7.491,1.7017,234.09
H0173,93.51,81.98,1006.532289,3,55.0,17.15,0.9166547888245957,1.621,4.016,1.3421,125.5
H0174,209.13,193.03,2251.054407,6,19.3,5.75,0.37094683509441023,3.984,11.38,1.7005,355.63
H0175,77.98,71.87,839.368922,2,36.5,2.93,0.6131890778590062,1.46,3.805,1.5249,118.91
H0176,57.63,57.39,620.323557,2,27.9,5.57,-0.1521929584082903,1.663,3.805,2.0633,118.91
H0177,123.97,123.41,1334.4006829999998,5,24.0,10.86,-1.473887948041959,2.241,5.782,1.4574,180.68
H0178,218.7,200.05,2354.06493,7,31.9,4.82,1.028854347803183,5.035,13.359,1.9089,417.47
H0179,201.59,191.07,2169.894601,6,11.2,3.8,-1.934959636609707,3.884,10.581,1.6403,330.67
H0180,177.26,162.46,1908.008914,6,59.3,21.58,-0.23993667125803605,2.923,7.781,1.3718,243.17
H0181,201.43,191.24,2168.172377,6,49.1,8.35,-0.20452248839966083,4.627,12.441,1.9301,388.78
H0182,201.89,189.25,2173.123771,7,44.5,9.34,-1.0428601409845046,4.388,12.017,1.8601,375.53
H0183,138.21,122.59,1487.678619,3,28.1,1.85,0.6131231363365798,2.898,7.843,1.7734,245.1
H0184,103.71,101.2,1116.3240689999998,3,9.2,9.26,-0.20032970140956835,1.933,5.075,1.5292,158.59
H0185,181.24,167.95,1950.849236,5,55.2,6.99,-0.4368683255972816,3.249,8.97,1.5467,280.32
H0186,162.48,150.6,1748.9184719999998,4,20.5,15.46,0.5198417309776412,3.054,8.467,1.6284,264.58
H0187,113.52,102.43,1221.9179279999998,3,3.0,5.53,-0.47657904055841377,2.357,6.828,1.8797,213.38
H0188,66.06,59.48,711.063234,2,20.5,22.26,1.3889799748383085,1.025,2.576,1.2187,80.51
H0189,176.95,168.04,1904.672105,5,47.7,23.28,0.35145507618731386,3.162,8.215,1.4508,256.72
H0190,94.62,88.19,1018.480218,4,37.4,2.95,-0.47433298683443925,2.049,5.372,1.7744,167.89
H0191,209.26,198.02,2252.453714,6,45.1,3.13,-1.9442649759855442,3.994,10.266,1.5331,320.81
H0192,90.96,86.95,979.084344,2,47.6,3.33,-1.3077531969011476,1.588,4.2,1.4431,131.26
H0193,70.87,71.9,762.837593,2,12.7,15.68,1.0868307847683634,1.687,4.342,1.9148,135.7
H0194,191.29,178.44,2059.026431,7,55.4,3.49,-0.050604063111342405,3.585,9.439,1.5421,294.98
H0195,76.06,65.59,818.702234,2,26.3,21.38,-0.2831250656795347,1.084,2.927,1.2025,91.46
H0196,80.48,79.92,866.278672,2,38.3,18.98,1.643251614242697,0.858,2.5,0.9706,78.11
H0197,151.9,141.46,1635.03641,5,0.1,20.59,-1.2826492440738984,3.436,8.278,1.703,258.69
H0198,198.68,191.22,2138.571652,6,59.6,13.39,-0.5856577998413593,3.555,9.66,1.5194,301.88
H0199,83.39,79.92,897.601621,3,16.9,24.92,-0.47258767675848407,1.764,4.971,1.8629,155.35
H0200,102.76,96.07,1106.098364,3,3.7,1.58,0.5863372815313004,2.682,6.978,2.122,218.06
H0201,182.16,172.63,1960.752024,6,27.5,10.33,-0.663535198304047,3.374,8.897,1.5262,278.02
H0202,215.21,210.1,2316.498919,6,7.7,8.44,-0.6134178486140281,4.611,12.857,1.8669,401.78
H0203,135.13,135.33,1454.525807,4,9.1,23.74,-1.6051493968851136,2.419,6.003,1.3882,187.59
H0204,74.46,70.27,801.4799939999999,2,37.9,14.63,0.7293494040178566,1.011,2.733,1.1471,85.41
H0205,52.37,49.87,563.705443,1,23.6,20.25,0.8061393585150219,0.62,2.099,1.2522,65.58
H0206,89.04,88.0,958.417656,2,55.3,4.67,-0.476376747401162,1.63,3.872,1.3591,121.01
H0207,72.41,64.68,779.4139989999999,3,19.1,24.48,0.16333994554129863,1.551,3.886,1.6771,121.44
H0208,165.2,156.62,1778.19628,5,43.6,12.72,-1.2926461227593415,2.733,7.795,1.4745,243.58
H0209,70.71,66.36,761.1153689999999,2,27.7,12.59,-0.4718131547409021,1.342,2.867,1.2669,89.58
H0210,136.08,129.17,1464.751512,4,39.6,24.29,1.377950952722521,2.155,5.484,1.2594,171.38
H0211,168.02,154.61,1808.550478,6,36.0,9.83,0.13573073406713437,3.269,8.723,1.6223,272.58
H0212,148.79,133.5,1601.560681,3,28.4,10.24,2.310363486795888,3.49,8.67,1.821,270.94
H0213,83.96,70.63,903.737044,2,57.0,14.83,-0.7871927421571577,1.477,3.874,1.442,121.07
H0214,186.7,171.03,2009.62013,5,20.6,3.64,0.5802844167243075,4.573,12.205,2.0428,381.4
H0215,171.62,159.49,1847.300518,6,10.6,8.37,-0.19550582783310236,4.427,12.07,2.1978,377.19
H0216,175.63,163.92,1890.463757,6,40.7,5.23,0.5658178468280931,3.428,8.909,1.5852,278.41
H0217,72.28,75.69,778.014692,3,50.8,3.03,-0.0072113596587564995,1.57,3.995,1.7272,124.84
H0218,71.04,71.2,764.667456,2,2.4,21.72,-0.5611981104091591,0.852,2.266,0.9969,70.82
H0219,207.69,191.38,2235.554391,6,27.0,14.94,-0.8676167643217026,3.754,10.328,1.554,322.75
H0220,117.59,111.93,1265.727001,4,53.5,9.29,3.0660367390488967,2.028,5.356,1.4234,167.38
H0221,101.16,93.46,1088.876124,3,45.0,10.51,-0.07734505972421603,1.494,4.011,1.239,125.34
H0222,133.06,123.94,1432.244534,4,59.5,11.07,-2.016660690233245,1.861,5.496,1.2908,171.75
H0223,162.69,153.67,1751.1788909999998,5,31.9,16.01,-0.6486006079033346,2.871,8.246,1.5839,257.68
H0224,212.46,202.19,2286.898194,7,39.6,23.21,0.6780397271239971,3.672,9.566,1.4071,298.95
H0225,98.7,91.42,1062.39693,3,18.1,23.35,-0.5000084331847482,1.576,5.244,1.6605,163.89
H0226,207.22,199.04,2230.495358,7,56.9,10.09,1.3604462024852575,3.833,10.139,1.529,316.84
H0227,54.23,46.41,583.7262969999999,2,22.0,8.57,1.0023982728439578,1.999,5.523,3.1826,172.59
H0228,144.38,135.74,1554.091882,4,44.3,11.55,-0.1523386358242358,2.775,6.878,1.4887,214.94
H0229,157.78,158.7,1698.3281419999998,4,24.2,14.41,-0.47221594277604334,3.012,8.228,1.6297,257.14
H0230,68.0,64.81,731.9452,3,33.7,11.81,-1.0048010070276965,0.96,2.295,1.0549,71.73
H0231,73.86,75.16,795.021654,3,43.2,16.64,-0.6999665423133247,1.717,4.739,2.0049,148.08
H0232,121.25,114.34,1305.122875,3,30.5,14.08,-1.473143074665625,2.644,7.006,1.8058,218.95
H0233,214.26,203.73,2306.273214,6,54.4,8.36,1.2043962915330844,4.426,11.509,1.6786,359.65
H0234,151.33,142.02,1628.900987,5,25.2,8.97,1.5907007871260619,2.646,7.24,1.4951,226.26
H0235,208.61,195.41,2245.457179,7,38.8,9.78,-1.256138069727733,4.506,11.616,1.7401,363.0
H0236,186.74,172.42,2010.050686,7,20.5,2.82,-1.1816829756864633,3.679,10.208,1.7082,318.99
H0237,129.45,123.4,1393.3868549999995,4,24.5,4.57,-1.768511857086917,3.328,8.756,2.1137,273.62
H0238,183.41,169.0,1974.206899,6,26.4,18.22,-0.963854230732174,4.011,10.327,1.7595,322.71
H0239,53.03,52.51,570.809617,1,7.5,10.03,-3.1063368012832915,1.22,2.988,1.7611,93.39
H0240,68.55,68.78,737.8653449999999,2,5.5,5.76,-1.1422789566319196,1.065,2.073,0.9451,64.79
H0241,191.0,181.01,2055.9049,6,40.0,14.29,1.2969153998005238,3.294,9.09,1.4872,284.05
H0242,185.46,173.19,1996.272894,5,39.3,19.01,-0.345672529464465,3.451,9.755,1.6436,304.83
H0243,89.55,85.99,963.907245,4,39.8,6.81,0.8545842348534083,2.13,6.078,2.1209,189.93
H0244,140.23,130.58,1509.4216969999998,5,1.2,20.76,-0.4889690638420449,3.309,8.559,1.9074,267.48
H0245,153.02,147.58,1647.0919780000002,5,19.6,23.22,1.760667296993123,2.406,6.217,1.2696,194.28
H0246,197.52,178.34,2126.085528,6,11.9,15.14,0.19921798301385701,4.174,11.091,1.7547,346.59
H0247,152.53,142.04,1641.817667,5,46.7,16.89,-0.3820022921434805,2.986,8.411,1.7233,262.85
H0248,120.14,104.97,1293.174946,4,51.6,1.79,2.552424025371081,2.038,5.129,1.3342,160.29
H0249,113.61,100.81,1222.886679,4,14.8,23.67,-0.3244718562854392,1.883,5.51,1.5156,172.19
H0250,122.4,120.51,1317.50136,5,40.1,10.12,-1.2212233497261362,2.749,6.867,1.7532,214.59
H0251,160.83,154.76,1731.158037,5,7.8,23.14,0.2019100019601099,3.434,8.013,1.557,250.42
H0252,197.47,182.74,2125.547333,7,16.5,14.68,-0.03883503855807973,3.555,9.334,1.4771,291.68
H0253,127.16,113.52,1368.737524,4,8.3,0.61,1.066324553166257,2.958,7.655,1.8813,239.22
H0254,92.13,74.74,991.678107,3,17.0,1.44,-0.9216339244978112,1.965,5.437,1.8441,169.9
H0255,90.23,82.64,971.226697,2,40.5,17.17,0.8047169314794976,1.104,3.668,1.2703,114.62
H0256,176.82,175.89,1903.272798,6,54.6,14.29,0.8527484705742913,3.082,8.46,1.4951,264.36
H0257,188.82,179.23,2032.439598,6,12.2,1.15,-0.6676872919350705,3.95,10.971,1.8157,342.84
H0258,67.9,61.59,730.86881,1,32.5,18.71,0.16324400572267767,0.711,2.474,1.1387,77.32
H0259,61.32,59.5,660.042348,3,42.1,21.38,-0.8307519568543374,1.261,2.674,1.3625,83.55
H0260,151.05,135.74,1625.887095,6,57.2,12.66,2.3458080738406677,2.844,7.475,1.5464,233.58
