student_id,cohort_id,age,prior_gpa,weekly_study_hours_first_month,forum_posts_first_month,first_assignment_score,missed_first_deadline,final_exam_score,certificate_issued,days_until_completion,completed_course
S0030,5,48,8.1,5.5,2,100.0,0,63.4,1,91.0,1
S0181,13,30,6.4,4.7,2,81.0,0,94.4,1,105.0,1
S0223,5,25,6.1,2.6,2,62.3,0,91.4,1,98.0,1
S0185,4,30,7.3,5.3,2,75.0,1,33.2,0,,0
S0211,5,29,4.1,5.5,2,100.0,0,82.7,1,109.0,1
S0258,7,31,7.4,4.5,0,81.9,1,30.2,0,,0
S0173,8,28,6.3,4.1,3,90.5,0,69.7,1,74.0,1
S0142,9,24,6.8,7.4,2,90.7,0,74.9,1,87.0,1
S0009,9,44,7.7,4.4,5,81.8,0,83.4,1,66.0,1
S0177,11,52,6.0,4.2,1,76.9,0,87.8,1,114.0,1
S0024,7,25,8.0,6.3,2,82.3,0,72.8,1,103.0,1
S0213,2,31,8.3,7.0,0,100.0,0,80.2,1,104.0,1
S0077,9,18,6.5,1.1,0,59.8,0,18.5,0,,0
S0204,9,41,7.3,5.3,4,99.5,0,70.5,1,105.0,1
S0190,8,40,5.5,4.9,1,80.3,0,80.5,1,94.0,1
S0206,12,37,7.4,8.2,1,100.0,1,83.3,1,101.0,1
S0242,8,20,6.3,8.2,1,80.2,0,60.5,1,98.0,1
S0006,5,51,5.7,6.8,3,87.2,0,70.3,1,80.0,1
S0220,13,18,6.6,4.1,0,85.3,1,98.7,1,119.0,1
S0104,8,32,6.4,4.4,1,90.6,0,87.7,1,61.0,1
S0114,3,53,5.6,9.7,4,83.2,0,59.6,1,76.0,1
S0119,2,49,6.5,5.2,3,100.0,0,86.8,1,108.0,1
S0019,9,19,7.2,5.5,3,80.0,0,92.8,1,60.0,1
S0201,13,19,7.2,4.2,2,78.2,1,78.1,1,100.0,1
S0179,1,46,6.5,8.8,5,87.1,0,67.2,1,64.0,1
S0046,13,33,7.5,7.8,4,100.0,1,70.1,1,84.0,1
S0075,3,19,7.6,6.1,1,94.9,0,79.1,1,88.0,1
S0045,6,53,6.7,3.2,2,64.2,1,66.9,1,105.0,1
S0154,11,25,8.9,6.1,2,90.6,0,81.0,1,112.0,1
S0015,2,26,6.0,3.5,1,73.0,1,20.2,0,,0
S0236,4,21,7.3,6.9,3,89.4,0,45.0,1,103.0,1
S0228,4,53,7.3,7.8,3,100.0,0,74.8,1,103.0,1
S0144,6,54,7.1,5.4,2,87.5,0,54.7,1,110.0,1
S0033,3,33,6.2,4.1,4,94.9,1,60.6,1,116.0,1
S0196,13,42,6.8,6.1,3,100.0,0,92.0,1,67.0,1
S0101,9,22,7.0,6.0,3,100.0,1,100.0,1,92.0,1
S0212,1,19,5.0,4.5,1,72.3,0,70.9,1,68.0,1
S0010,9,20,7.3,6.7,4,79.9,1,67.5,1,74.0,1
S0113,12,55,7.1,2.8,3,64.8,1,76.7,1,99.0,1
S0096,8,52,8.8,5.1,4,100.0,0,68.5,1,94.0,1
S0092,2,52,5.8,2.8,4,67.3,1,89.9,1,102.0,1
S0150,7,23,7.4,3.8,2,100.0,0,82.6,1,84.0,1
S0025,13,43,4.5,4.8,3,90.4,1,63.4,0,,0
S0158,9,28,7.8,8.1,7,98.6,0,71.8,1,62.0,1
S0018,12,55,6.8,8.5,0,100.0,1,73.1,1,71.0,1
S0237,1,52,6.7,4.6,0,84.7,0,71.7,1,109.0,1
S0139,8,47,6.4,5.7,0,76.8,0,91.0,1,69.0,1
S0068,9,30,8.6,5.7,2,82.1,1,50.3,1,55.0,1
S0097,9,48,7.9,6.9,2,81.5,0,61.0,1,58.0,1
S0167,11,38,7.1,5.1,1,81.1,0,61.9,1,84.0,1
S0090,13,21,6.3,5.7,2,72.2,0,91.3,1,93.0,1
S0205,10,21,6.2,6.8,4,79.3,0,30.8,0,,0
S0060,2,23,5.6,3.4,3,68.2,0,93.1,1,87.0,1
S0247,6,38,5.6,0.9,3,48.8,0,26.6,0,,0
S0016,10,19,6.4,5.6,1,98.4,0,83.1,1,70.0,1
S0055,8,48,8.6,7.7,0,100.0,1,81.6,1,65.0,1
S0125,8,33,5.8,6.5,1,88.0,0,63.8,0,,0
S0073,3,33,7.5,9.3,3,100.0,1,91.2,1,71.0,1
S0226,5,21,6.6,3.9,0,100.0,0,66.3,1,115.0,1
S0079,4,18,7.2,6.0,5,100.0,0,81.7,1,108.0,1
S0182,10,32,7.8,5.9,1,93.7,0,80.3,1,74.0,1
S0038,6,37,7.4,3.4,5,87.0,0,73.2,1,59.0,1
S0066,5,22,7.8,7.0,2,100.0,0,86.8,1,81.0,1
S0140,4,54,8.4,1.5,3,90.9,0,92.7,1,113.0,1
S0067,7,29,7.0,4.8,2,100.0,0,68.6,1,86.0,1
S0229,10,37,7.7,8.7,2,100.0,0,64.5,1,67.0,1
S0246,9,31,6.9,7.5,4,100.0,1,94.2,1,76.0,1
S0115,1,23,6.3,1.5,6,87.4,0,69.7,1,56.0,1
S0109,8,32,5.7,5.9,2,77.1,0,43.6,0,,0
S0111,5,44,6.7,9.3,3,100.0,0,70.2,1,115.0,1
S0165,5,28,7.3,1.2,2,55.9,1,80.4,1,81.0,1
S0186,3,37,5.7,7.1,3,88.7,1,83.9,1,104.0,1
S0120,5,42,7.6,6.6,3,96.6,0,82.4,1,85.0,1
S0136,12,23,6.4,4.0,2,82.1,0,73.4,1,80.0,1
S0168,5,42,5.4,7.2,2,85.0,0,76.0,1,114.0,1
S0126,3,38,6.5,3.4,2,86.5,0,83.1,1,70.0,1
S0082,4,41,6.3,2.4,3,55.7,0,55.4,0,,0
S0141,4,28,6.2,6.7,4,85.2,0,93.4,1,69.0,1
S0069,8,20,7.9,5.7,3,100.0,0,80.5,1,106.0,1
S0002,6,46,6.3,7.3,1,93.2,0,80.0,1,73.0,1
S0253,9,31,6.7,11.8,4,100.0,0,84.6,1,75.0,1
S0084,9,28,8.4,8.7,5,100.0,0,80.8,1,115.0,1
S0127,9,53,7.5,4.1,7,81.7,0,79.7,1,105.0,1
S0183,6,37,8.1,11.8,1,100.0,0,83.0,1,118.0,1
S0086,1,44,6.4,3.0,3,100.0,0,46.1,1,116.0,1
S0250,13,26,6.5,4.4,4,65.9,1,71.7,1,93.0,1
S0172,9,41,7.5,6.3,1,100.0,1,83.2,1,97.0,1
S0029,12,18,4.7,8.4,1,69.6,0,70.3,1,69.0,1
S0195,1,23,7.4,4.2,4,94.2,0,91.9,1,115.0,1
S0175,12,49,6.6,9.1,5,88.1,0,72.7,1,59.0,1
S0194,10,29,6.6,4.8,0,91.9,0,72.7,1,116.0,1
S0148,4,31,4.2,11.3,2,86.2,0,76.0,1,112.0,1
S0005,10,53,8.3,7.0,4,100.0,0,69.4,1,87.0,1
S0056,9,34,5.7,7.7,4,100.0,0,80.2,1,114.0,1
S0137,10,39,4.6,4.9,3,84.5,0,77.7,1,108.0,1
S0159,1,26,7.8,6.7,4,100.0,0,73.9,1,115.0,1
S0146,7,30,8.7,7.5,1,90.1,1,94.3,1,113.0,1
S0065,10,27,7.7,5.4,2,78.4,0,31.8,0,,0
S0143,3,26,7.5,3.8,2,95.8,1,88.2,1,89.0,1
S0085,12,52,9.4,8.0,0,100.0,0,75.3,1,114.0,1
S0224,10,26,6.9,6.3,0,99.8,0,76.0,1,104.0,1
S0215,3,19,7.1,3.4,2,90.3,0,71.4,1,105.0,1
S0031,10,25,5.2,6.8,3,83.7,1,38.2,0,,0
S0012,4,28,6.1,6.9,7,95.5,1,66.9,1,76.0,1
S0035,3,41,6.8,4.0,2,89.9,1,91.1,1,108.0,1
S0028,13,38,6.6,5.7,6,97.4,1,83.4,1,118.0,1
S0042,1,46,7.1,6.4,2,75.7,0,64.8,1,80.0,1
S0124,9,27,7.1,4.2,3,88.0,1,78.0,1,80.0,1
S0108,5,30,7.3,4.0,1,83.2,0,85.5,1,83.0,1
S0117,1,41,7.6,3.8,5,90.3,0,67.9,1,112.0,1
S0022,10,47,4.5,2.2,3,61.8,0,41.5,0,,0
S0132,2,22,7.7,3.8,1,79.9,1,31.5,0,,0
S0093,11,47,7.5,5.3,1,90.9,0,67.7,1,89.0,1
S0178,6,18,5.4,6.1,1,87.7,0,66.4,1,72.0,1
S0118,9,36,7.5,8.3,1,100.0,1,72.6,1,62.0,1
S0051,7,25,7.3,8.3,1,100.0,1,67.2,1,82.0,1
S0112,2,37,7.2,5.5,1,90.9,1,64.2,1,88.0,1
S0164,5,42,6.9,4.8,3,85.7,0,100.0,1,81.0,1
S0095,4,31,8.5,4.7,1,90.8,0,74.0,1,101.0,1
S0244,10,25,8.5,5.1,3,96.9,1,78.2,1,104.0,1
S0209,10,52,6.7,6.7,1,76.7,1,81.5,1,71.0,1
S0076,7,29,7.6,5.0,0,96.5,0,75.9,1,88.0,1
S0041,6,18,7.6,6.8,0,89.6,1,80.6,1,71.0,1
S0198,10,34,7.7,6.0,2,99.9,0,71.3,1,76.0,1
S0231,1,39,6.7,4.4,1,75.5,0,81.4,1,88.0,1
S0078,4,21,7.4,7.5,1,100.0,1,85.7,1,75.0,1
S0155,2,28,8.7,7.4,1,100.0,0,86.6,1,114.0,1
S0026,11,33,6.1,5.2,4,82.7,1,16.4,0,,0
S0254,6,44,7.4,5.3,2,93.0,0,85.0,1,55.0,1
S0176,8,23,5.5,2.1,2,84.9,0,18.2,0,,0
S0000,4,43,7.8,3.5,2,89.3,1,69.1,1,86.0,1
S0252,5,18,5.6,6.3,2,99.3,0,58.6,1,119.0,1
S0100,1,22,7.1,7.0,1,100.0,0,77.2,1,83.0,1
S0256,10,30,9.3,2.9,6,95.5,0,76.3,1,94.0,1
S0184,9,41,8.1,3.9,0,94.4,1,78.8,1,64.0,1
S0098,2,21,9.3,4.3,0,90.7,0,76.0,1,111.0,1
S0036,7,52,6.8,11.4,3,100.0,0,91.7,1,117.0,1
S0061,11,29,6.1,8.1,2,100.0,0,79.7,1,96.0,1
S0234,7,43,4.7,5.6,2,66.2,1,70.4,1,73.0,1
S0147,4,40,8.3,6.8,4,98.5,0,75.7,1,55.0,1
S0011,13,52,6.4,9.2,1,100.0,1,85.1,1,111.0,1
S0257,10,42,7.5,7.7,3,84.2,0,94.0,1,72.0,1
S0208,1,52,8.1,5.3,1,86.1,0,82.6,1,111.0,1
S0027,3,47,7.8,2.0,1,91.9,0,95.0,1,94.0,1
S0162,12,52,7.1,3.9,1,83.6,0,82.2,1,118.0,1
S0004,7,19,8.2,7.9,0,99.5,0,78.8,1,68.0,1
S0122,10,32,7.6,5.3,1,88.2,0,82.2,1,104.0,1
S0032,11,39,8.3,6.5,1,88.2,0,80.3,1,116.0,1
S0152,7,51,6.9,3.0,1,79.7,1,64.4,0,,0
S0192,3,41,8.3,9.1,4,100.0,0,81.1,1,57.0,1
S0138,5,43,5.5,4.3,0,94.3,1,80.9,1,57.0,1
S0062,2,23,6.4,4.7,2,100.0,1,74.8,1,118.0,1
S0135,9,48,6.8,6.6,6,100.0,0,68.8,1,68.0,1
S0128,10,47,6.2,4.5,3,88.7,0,27.4,0,,0
S0239,10,53,7.5,7.0,6,91.1,1,87.6,1,89.0,1
S0199,11,48,7.2,6.3,0,86.7,1,42.9,0,,0
S0070,7,24,7.2,5.6,2,94.3,0,64.3,1,69.0,1
S0249,12,54,6.5,4.5,1,100.0,0,80.8,1,63.0,1
S0064,3,33,7.9,9.3,3,100.0,0,71.0,1,114.0,1
S0044,10,33,6.7,4.5,2,100.0,0,100.0,1,61.0,1
S0170,6,52,4.8,8.6,2,70.9,0,85.9,1,69.0,1
S0156,11,53,8.8,6.3,1,91.7,0,86.8,1,94.0,1
S0040,12,31,8.3,8.6,4,100.0,0,86.9,1,96.0,1
S0123,12,26,6.4,6.6,3,68.6,1,76.2,1,80.0,1
S0153,11,43,7.7,5.9,3,89.5,1,62.8,1,94.0,1
S0023,9,36,6.9,5.8,0,100.0,0,93.8,1,83.0,1
S0197,4,49,7.0,7.8,2,98.2,0,47.4,1,101.0,1
S0193,10,27,7.6,5.9,1,100.0,1,91.0,1,75.0,1
S0081,1,51,6.4,4.1,6,83.1,0,73.8,1,95.0,1
S0039,5,28,6.6,2.5,3,70.9,1,86.0,1,79.0,1
S0222,1,28,7.0,3.7,3,75.2,1,76.1,1,108.0,1
S0047,1,19,7.3,4.5,1,72.9,0,69.7,1,71.0,1
S0094,12,21,7.7,6.4,0,100.0,1,90.1,1,79.0,1
S0200,4,37,6.9,11.0,2,100.0,1,76.7,1,111.0,1
S0161,2,35,9.3,3.2,1,85.0,1,62.9,1,99.0,1
S0043,9,34,6.9,2.9,2,100.0,0,81.3,1,78.0,1
S0145,6,24,6.4,3.7,1,86.1,0,65.4,1,70.0,1
S0180,13,27,4.4,3.4,2,93.9,0,75.5,1,85.0,1
S0003,8,43,7.1,0.7,2,86.5,0,78.5,1,68.0,1
S0105,10,19,8.7,6.8,2,88.8,0,34.0,0,,0
S0053,10,54,5.6,3.9,3,84.7,0,77.1,1,117.0,1
S0133,5,29,6.5,3.3,0,85.4,1,71.6,1,101.0,1
S0240,11,50,8.2,6.2,2,69.9,0,72.0,1,65.0,1
S0230,11,54,8.4,3.5,2,87.0,0,64.4,1,94.0,1
S0245,3,37,8.2,4.6,2,78.5,1,66.7,1,100.0,1
S0049,4,40,7.9,6.6,4,92.5,0,94.2,1,107.0,1
S0163,10,46,7.2,4.3,3,100.0,1,70.6,1,73.0,1
S0080,3,40,7.1,2.8,2,80.9,1,81.3,1,72.0,1
S0034,4,22,6.0,6.0,1,92.2,0,59.3,1,91.0,1
S0216,4,50,6.9,7.0,3,100.0,0,78.7,1,106.0,1
S0007,2,18,6.6,3.4,2,60.7,0,78.2,1,105.0,1
S0171,9,37,4.9,6.7,1,79.4,0,81.6,1,112.0,1
S0221,9,45,8.2,5.3,0,86.4,0,77.2,1,80.0,1
S0110,9,26,4.1,5.5,3,86.8,0,20.3,0,,0
S0091,6,32,7.2,7.7,3,84.6,0,71.5,1,99.0,1
S0083,3,33,6.9,6.1,0,79.9,1,66.3,1,77.0,1
S0238,4,21,5.9,5.3,4,98.5,0,89.3,1,77.0,1
S0241,9,35,6.7,4.2,0,70.0,1,75.7,1,111.0,1
S0089,8,39,5.9,8.9,3,100.0,0,100.0,1,97.0,1
S0008,4,32,5.9,6.1,3,97.5,0,80.7,1,83.0,1
S0013,6,32,7.1,7.6,2,100.0,1,88.9,1,109.0,1
S0059,3,54,7.2,4.5,2,92.6,0,69.5,1,86.0,1
S0227,5,28,6.6,8.0,3,80.8,1,77.5,1,68.0,1
S0131,3,43,6.6,3.9,1,72.2,0,73.5,1,94.0,1
S0017,13,39,6.9,7.7,1,86.9,0,88.6,1,57.0,1
S0166,8,45,4.5,8.0,1,100.0,1,91.7,1,58.0,1
S0072,13,41,7.6,4.8,1,91.4,0,66.4,1,113.0,1
S0232,11,27,7.2,8.9,1,100.0,0,85.9,1,89.0,1
S0134,11,44,5.6,4.7,1,92.0,0,27.2,0,,0
S0251,13,34,7.1,7.5,2,100.0,1,78.4,1,78.0,1
S0243,13,33,6.6,7.4,0,97.4,0,65.3,1,59.0,1
S0063,3,44,6.2,6.8,1,91.5,1,55.5,1,104.0,1
S0054,12,30,6.5,4.8,2,79.1,1,70.4,1,82.0,1
S0107,1,32,7.2,5.0,6,82.0,0,70.7,1,97.0,1
S0050,11,36,6.5,4.9,4,71.2,0,85.7,1,117.0,1
S0217,8,21,7.0,4.6,4,76.0,0,89.0,1,82.0,1
S0174,3,42,6.7,5.8,2,96.6,0,68.8,1,95.0,1
S0225,8,35,7.9,8.8,3,100.0,0,73.7,1,95.0,1
S0189,12,18,7.1,6.5,3,89.7,0,79.5,1,60.0,1
S0014,13,18,7.9,5.0,2,94.0,0,100.0,1,59.0,1
S0207,2,46,4.8,6.4,2,76.2,1,61.7,0,,0
S0233,8,31,8.0,5.6,2,100.0,1,72.7,1,77.0,1
S0219,7,20,5.7,7.0,2,100.0,1,85.1,1,112.0,1
S0169,9,55,5.7,7.1,1,100.0,1,86.5,1,112.0,1
S0058,1,29,5.6,2.0,5,50.5,1,97.9,1,65.0,1
S0218,3,35,7.4,4.6,1,100.0,0,97.8,1,102.0,1
S0048,12,45,6.8,9.4,1,100.0,0,69.5,1,109.0,1
S0088,6,47,6.4,6.6,2,77.7,1,73.4,1,100.0,1
S0021,3,48,6.1,4.8,1,93.9,0,71.5,1,77.0,1
S0057,6,26,8.1,6.3,3,92.5,1,61.7,1,60.0,1
S0203,4,29,5.7,6.2,7,96.8,0,85.9,1,57.0,1
S0160,12,22,5.6,7.2,4,91.0,0,69.3,1,85.0,1
S0255,5,54,5.0,6.5,3,67.2,1,86.1,1,85.0,1
S0187,12,53,7.8,4.2,3,86.9,0,63.0,1,102.0,1
S0191,11,51,7.2,6.4,2,95.5,1,72.3,1,83.0,1
S0129,1,37,6.6,5.3,3,92.4,0,81.5,1,98.0,1
S0037,13,31,7.5,6.0,5,100.0,1,77.1,1,115.0,1
S0157,11,27,8.0,4.7,6,100.0,0,79.4,1,113.0,1
S0235,8,28,7.0,7.1,3,88.1,0,75.3,1,96.0,1
S0248,6,24,5.4,5.9,2,82.7,0,82.6,1,67.0,1
S0001,11,38,5.7,7.6,3,64.3,0,100.0,1,71.0,1
S0052,9,46,7.7,1.4,3,71.4,0,65.8,1,93.0,1
S0149,10,21,7.9,5.1,4,88.9,0,81.5,1,57.0,1
S0130,8,44,8.4,8.0,6,98.4,0,78.6,1,102.0,1
S0151,12,31,7.9,4.6,2,91.3,1,74.5,1,61.0,1
S0103,13,33,7.9,6.4,3,100.0,1,90.4,1,102.0,1
S0099,1,32,6.3,3.6,0,100.0,0,88.0,1,72.0,1
S0116,6,25,8.7,8.8,1,100.0,0,98.2,1,65.0,1
S0087,10,36,5.6,2.1,2,83.1,0,63.3,1,85.0,1
S0202,5,18,5.9,3.5,1,100.0,0,87.0,1,57.0,1
S0074,11,48,6.9,4.3,3,99.8,1,71.7,1,78.0,1
S0214,2,33,7.0,5.3,1,100.0,0,83.7,1,93.0,1
S0210,13,25,8.6,6.7,4,92.7,0,85.2,1,88.0,1
S0121,5,43,8.2,5.6,2,98.9,0,74.7,1,115.0,1
S0259,6,23,5.4,6.2,4,90.8,0,79.9,1,94.0,1
S0020,12,41,5.7,6.1,4,74.7,1,62.5,1,83.0,1
S0188,3,43,7.4,6.4,1,100.0,1,65.4,1,106.0,1
S0071,5,29,5.6,5.7,3,95.2,1,75.5,1,104.0,1
S0106,7,42,8.2,5.5,1,78.0,1,75.6,1,64.0,1
S0102,9,26,7.3,3.6,1,100.0,1,71.1,1,110.0,1
